fid,Date,Time,Version,Id,Name,Latitude,Longitude,Height,AlarmRad,WarningRad,Status_Txt,Visible,UniqueID,joined_row,joined_col,joined_Plo,joined_P_1,628NDVI_me,SAVI_mean,THRESH_mea,HArea_mean,PLTCOUNT,6-28SAVI_m,628NDVIvariance,628gNDVI_mean,628gNDVI_variance,628gNDRE_mean,628gNDRE_variance,628gExG_mean,628gExG_variance,628gExR_mean,628gExR_variance
"1517",2024/06/04,01:48:44pm,4.71,"905",U-1,45.4329503,-73.93921111,39.021,"0","0",,"1",5009318c201f855b,0,0,"101","101",0.27767677019915,61465.2814934281,0.070022396197217,0.938472874643087,77,0.555913355369532,0.0125114791069037,0.0796534542437112,0.00768942638476282,-0.0253416785300036,0.00164717151998624,2688.07576182983,14647516.336896,15234.6142943607,33086516.271503
"1519",2024/06/04,02:15:42pm,4.71,"905",U1,45.43297649,-73.93912978,39.021,"0","0",,"1",500937de01a1bd1f,0,1,"108","108",0.286813185291396,60446.6705582762,0.100215475024486,0.983421052631579,81,0.573418506748938,0.0164857930264587,0.0854846943573826,0.00890498580199352,-0.0236559355145159,0.00208583630061723,2820.13912504081,20113100.6101646,14593.8633395311,40661256.2171543
"1520",2024/06/04,02:15:55pm,4.71,"905",U3,45.43300365,-73.93904906,39.021,"0","0",,"1",500937eb32eb8e40,0,2,"201","201",0.302692726593245,63750.2496898466,0.14086842964414,0.98652649307246,66,0.60574932563255,0.02531928475585,0.0988516118798839,0.0135389845646147,-0.0203110045828776,0.00224200045496886,2892.2609467842,32539696.8901435,14445.8059982194,46557745.0703583
"1521",2024/06/04,02:16:07pm,4.71,"905",U5,45.43303015,-73.93896796,39.021,"0","0",,"1",500937f72fc8d1c6,0,3,"208","208",0.371607373249951,69521.0772003369,0.282754477724017,0.773654916512059,29,0.743324089190492,0.0460295787249557,0.128921137178406,0.0180613688026648,-0.0178272801994352,0.00343935010337052,6878.83440746472,107535895.278985,12363.2598136834,69741836.5593077
"1522",2024/06/04,02:16:20pm,4.71,"905",U7,45.43305724,-73.93888717,39.021,"0","0",,"1",5009380464b28f42,0,4,"301","301",0.303754957364054,64087.9163037304,0.167960613520167,0.800247371675943,41,0.607865832441175,0.0338798423861295,0.0991012334652281,0.0142314053798164,-0.0225163929061059,0.00260786444602401,4278.76364194347,65644991.5179613,13999.9686746626,50818044.5307076
"1523",2024/06/04,02:16:32pm,4.71,"905",U9,45.43308434,-73.93880641,39.021,"0","0",,"1","5009381040517900",0,5,"308","308",0.256237137789515,64596.3318881082,0.106041907448399,0.692838063658732,31,0.512424229629572,0.0225501989499412,0.0715415910220277,0.0095120664776492,-0.0280082519244916,0.0022684479141115,3390.27039380465,53740626.8442539,15359.8796518822,42791174.3556912
"1524",2024/06/04,02:17:01pm,4.71,"905",U11,45.43311097,-73.93872532,39.021,"0","0",,"1",5009382d1f03b98f,0,6,"401","401",0.302137202829995,63765.3948337556,0.167419750829263,0.765286385347176,23,0.604385431457291,0.0329882024146139,0.0981148364226431,0.0132432794776776,-0.0272512720616744,0.00254192466907398,4583.04365711599,63871191.7593191,13588.0110835564,47286855.2727957
"1525",2024/06/04,02:17:13pm,4.71,"905",U13,45.43313791,-73.93864447,39.021,"0","0",,"1",500938393916ae56,0,6,"408","408",0.321717343160401,67502.1905309139,0.188506767830442,0.909368421052632,44,0.643434651981319,0.0302992011436043,0.108925237594003,0.0134645490651792,-0.0197284376470915,0.00287171736745643,5105.84086293919,72373164.0482776,14155.6599160794,57221823.6593747
"1526",2024/06/04,02:18:31pm,4.71,"905",D13,45.4331127,-73.93862763,39.02,"0","0",,"1",500938877536384a,1,7,"409","409",0.256960142923669,65376.9248570011,0.088306735967822,0.523605263157895,18,0.513876738031851,0.0189188843931683,0.0716995609252683,0.00885786604136638,-0.0268659004253802,0.00193326322410815,3064.18603573014,40611000.1614382,15990.1048766309,40180630.802666
"1527",2024/06/04,02:18:44pm,4.71,"905",D11,45.43308611,-73.93870872,39.02,"0","0",,"1",50093894752ce1b7,1,6,"402","402",0.35522890835236,71277.4716744587,0.261910047796902,0.663864108839241,24,0.710681872254742,0.0462179187595076,0.124279200481735,0.0162729590675359,-0.0252731337961339,0.00305313827803741,7398.68320187009,128245930.05411,12175.8591691544,60786407.7829889
"1528",2024/06/04,02:18:57pm,4.71,"905",D9,45.43305949,-73.93878983,39.021,"0","0",,"1",500938a125f6843f,1,5,"309","309",0.326232269455164,70374.8769091135,0.234305825813276,0.894236842105263,41,0.652916781066703,0.0391962260533788,0.108378389422136,0.0133128394592641,-0.024074755927319,0.00307134913608512,6572.20242774868,118073132.045966,13402.3504504067,64462643.8855935
"1529",2024/06/04,02:19:09pm,4.71,"905",D7,45.43303241,-73.93887061,39.021,"0","0",,"1",500938ad2f841179,1,4,"302","302",0.33164583209807,65531.9260071825,0.220097943192948,0.928421052631579,45,0.663233408385241,0.0390689705439104,0.117716153349616,0.0172883210495106,-0.0204082780438049,0.00294175164527277,5359.11812602024,78624449.0969249,12820.9395985181,57149486.3770007
"1530",2024/06/04,02:19:22pm,4.71,"905",D5,45.43300564,-73.9389516,39.021,"0","0",,"1",500938ba669012e1,1,3,"209","209",0.303868055346106,66464.7780005093,0.166499072792332,0.951276956882146,50,0.607813707252109,0.0290432276027953,0.086938434798633,0.0116769512461356,-0.0252581907748527,0.00275421188862119,4859.26443048554,70597452.9447613,14232.9741995036,52862495.3550818
"1531",2024/06/04,02:19:34pm,4.71,"905",D3,45.43297856,-73.9390323,39.021,"0","0",,"1",500938c669fc4194,1,2,"202","202",0.268653289329006,61992.4211557297,0.07590597453477,0.995644794147445,94,0.537459107457677,0.0149830030803414,0.0775757431936766,0.00991595322843617,-0.0245830732703403,0.00189661993703157,2108.81455435847,15925207.7796418,15193.8027965391,37799494.0856489
"1532",2024/06/04,02:19:47pm,4.71,"905",D1,45.4329516,-73.93911321,39.021,"0","0",,"1",500938d31d4cc688,1,1,"109","109",0.290414249224889,67699.0446104422,0.128346436127145,0.945828947368421,59,0.580731335304267,0.0222561044173125,0.0797610508411,0.00952254319271944,-0.0259810556833173,0.00220852035925268,3642.11339358007,49164069.7181872,15338.7057725065,44886073.184302
"1533",2024/06/04,02:20:00pm,4.71,"905",D-1,45.4329247,-73.93919406,39.021,"0","0",,"1",500938e02a9ec38d,1,0,"102","102",0.283110110058674,63717.1212071746,0.096336295551449,0.987618746875082,109,0.566674267763544,0.0167615623906498,0.0846985764100755,0.00973185476605971,-0.0244006058905578,0.00183288652334959,2597.23258091687,15948422.5300356,15484.4612129763,37658265.5622396
"1534",2024/06/04,02:20:58pm,4.71,"905",U-1,45.43290041,-73.93917769,39.021,"0","0",,"1",5009391a2cd19750,2,0,"103","103",0.284777363511468,65577.1491012138,0.117152352906609,0.980092367205695,69,0.569518941248488,0.0197434127063697,0.0760539598794116,0.00929346726683508,-0.0284544530018682,0.00195747436433316,3433.98009154364,38503763.0448664,15764.9184052641,40640195.3179363
"1535",2024/06/04,02:21:11pm,4.71,"905",U1,45.43292639,-73.93909621,39.021,"0","0",,"1",500939272161cf8e,2,1,"110","110",0.248414443852523,63246.4198003252,0.060842708734631,0.979881578947368,62,0.497095811946939,0.0124648510179958,0.0532092031781101,0.00656678488708731,-0.0317500582296647,0.0017438326487198,2580.39694023467,16248649.970856,16226.4521147099,35334623.4531142
"1536",2024/06/04,02:21:23pm,4.71,"905",U3,45.43295377,-73.93901557,39.021,"0","0",,"1",500939332035b4b3,2,2,"203","203",0.268687274889763,61150.4068978576,0.096827272786633,0.990368167583357,98,0.536981549109791,0.0195769789525722,0.0755325074633183,0.0113035742611661,-0.0261418243450558,0.0018956003911537,2351.34866698444,17398628.7084724,15007.0019095197,40718857.9913102
"1537",2024/06/04,02:21:51pm,4.71,"905",U5,45.43298071,-73.93893478,39.02,"0","0",,"1",5009394f377e7978,2,3,"210","210",0.348380534343393,67838.5047306253,0.264013947019608,0.678464757042671,24,0.696690355874154,0.0465273823042438,0.111429503511639,0.0169190978620399,-0.0237894526393169,0.00297580960103098,6399.57551697344,97238881.82185,12553.7384860349,65952891.0886837
"1538",2024/06/04,02:22:04pm,4.71,"905",U7,45.43300744,-73.93885375,39.02,"0","0",,"1",5009395c17548ec5,2,4,"303","303",0.317629075434256,65682.0158797527,0.209629711853008,0.945947368421053,50,0.635102996648646,0.0418252569353415,0.105006208644318,0.0170422289285244,-0.0233578993585218,0.00283761201065611,5242.34522138282,74147065.0668211,13028.296635793,57722730.0574114
"1539",2024/06/04,02:22:17pm,4.71,"905",U9,45.43303463,-73.93877308,39.02,"0","0",,"1",500939696854b105,2,5,"310","310",0.302529349559004,67378.3275198987,0.202153430274696,0.875394736842105,37,0.604743633302002,0.0382423311864972,0.0962638302322008,0.014712845669684,-0.0277315325047195,0.00301003135386222,5290.60388766642,74391226.4091839,13622.1405323186,58381566.8464516
"1540",2024/06/04,02:22:29pm,4.71,"905",U11,45.43306147,-73.93869215,39.02,"0","0",,"1",5009397538f822dd,2,6,"403","403",0.330527922531416,66034.5259680052,0.221769507019262,0.911550303955367,38,0.661058160406349,0.0367190435534614,0.110023723363088,0.0143082316648752,-0.0245937642808278,0.00338213651911458,5896.38358472086,87868330.5224667,12449.7019195733,46571838.9139991
"1541",2024/06/04,02:22:42pm,4.71,"905",U13,45.43308844,-73.9386113,39.02,"0","0",,"1",50093982458e6078,2,7,"410","410",0.34957839016182,67783.8084349229,0.248183141907554,0.78278947368421,26,0.698675501906478,0.04306219567214,0.115848403823524,0.0151711337993191,-0.0233153535907995,0.00307679841049122,6970.49547173015,126755355.909578,12384.6898167509,60301997.8257035
"1542",2024/06/04,02:27:37pm,4.71,"905",D13,45.43306279,-73.93859418,39.02,"0","0",,"1",50093aa91c5e3ec4,3,7,"411","411",0.316667407571386,68889.6429928633,0.205757716240834,0.812094577702925,40,0.633227766669852,0.0343534647863114,0.0978207660511774,0.0126627888085855,-0.0268305678982726,0.00308657569399296,5713.78632199594,99875944.746219,13747.0441340887,56068080.1546749
"1543",2024/06/04,02:27:50pm,4.71,"905",D11,45.43303634,-73.93867533,39.02,"0","0",,"1",50093ab67d023af4,3,6,"404","404",0.248726729783979,63098.0912842479,0.094477237704704,0.57874445716391,23,0.497604400299435,0.0219383443901176,0.0616602887872956,0.0106360354844956,-0.0307327355053792,0.00199854075985259,2924.36131062763,39352060.0902608,14616.9894886938,38101807.9127139
"1544",2024/06/04,02:28:09pm,4.71,"905",D9,45.43301019,-73.93875676,39.02,"0","0",,"1",50093ac93b20d3c3,3,5,"311","311",0.275167354801374,63798.5691711993,0.155815578293035,0.926144736842105,63,0.550422266214008,0.0316110274983482,0.0769315979922397,0.0118931981946666,-0.0282901631097665,0.00243902995270113,4190.1766841442,59855172.1483006,13822.7446951146,49383776.7256942
"1545",2024/06/04,02:28:21pm,4.71,"905",D7,45.43298281,-73.93883734,39.02,"0","0",,"1",50093ad5406f8ce0,3,4,"304","304",0.288363080843298,63889.8556429075,0.180100295139342,0.700096051367745,31,0.576818057488536,0.0397227600073054,0.0903477962207293,0.0167137200365664,-0.0266701755387252,0.00235028416513795,4303.70584663202,63640152.5982294,13421.4145271456,53569822.7396595
"1546",2024/06/04,02:28:34pm,4.71,"905",D5,45.43295598,-73.93891824,39.02,"0","0",,"1",50093ae27784cc33,3,3,"211","211",0.320046022936772,67388.6455458991,0.219430496699336,0.912489145022499,37,0.640464802977252,0.0407847272761756,0.100974460395153,0.0150220115545457,-0.0237590291597501,0.00275583533607507,5874.03362694334,87673682.8250596,13173.3317783058,60368164.7067755
"1547",2024/06/04,02:28:47pm,4.71,"905",D3,45.43292895,-73.93899903,39.02,"0","0",,"1",50093aef17380c91,3,2,"204","204",0.260446252136891,64232.882578404,0.104532187608146,0.955223095040724,56,0.521288327814701,0.0213332472831745,0.067423316532547,0.0103968893142227,-0.029784941197926,0.00197256046159628,2775.24482693325,35088955.4436353,15424.7423182461,41858034.7937902
"1548",2024/06/04,02:28:59pm,4.71,"905",D1,45.43290187,-73.9390798,39.02,"0","0",,"1",50093afb12549ffc,3,1,"111","111",0.262182245513007,63119.3715181195,0.082592229840026,0.964631578947368,81,0.524160547583278,0.016544910909722,0.0697291319060596,0.00926869007620258,-0.027473651586643,0.00194995268858981,2724.52140385243,17880407.9214191,15501.625324025,39544870.258351
"1549",2024/06/04,02:29:12pm,4.71,"905",D-1,45.4328751,-73.93916081,39.021,"0","0",,"1",50093b08785a7bd0,3,0,"104","104",0.296025512250803,64944.1540450539,0.128756121449559,0.981473440440006,71,0.592126797556832,0.0220951007410262,0.0931752770658729,0.0121413278471991,-0.0212773026483511,0.00239166235107428,3120.21216454456,33031587.5231822,14917.8083409859,44769049.6653175
"1550",2024/06/04,02:30:00pm,4.71,"905",U-1,45.43285046,-73.93914412,39.02,"0","0",,"1",50093b3805b857f6,4,0,"105","105",0.260620464793459,65359.6277636304,0.06987965967783,0.981447368421053,76,0.521281819388417,0.0134946353277706,0.0645808393398846,0.00783082374289397,-0.0266301613561994,0.0015909608091305,2553.41004511946,14199279.8845306,16280.0479811953,34621149.6291576
"1551",2024/06/04,02:30:13pm,4.71,"905",U1,45.43287695,-73.93906298,39.02,"0","0",,"1",50093b45131a1f8a,4,1,"112","112",0.246338914671929,62528.5016095226,0.051400587659158,0.997263121883183,106,0.492310314259661,0.0115698060295782,0.0592979765580382,0.00719961004592008,-0.0303615961268974,0.00165259520366198,2450.15093046033,12745435.1651731,15855.0776807367,34029368.6754769
"1552",2024/06/04,02:30:25pm,4.71,"905",U3,45.43290416,-73.93898236,39.02,"0","0",,"1",50093b5177614e40,4,2,"205","205",0.250373181503497,61250.5594180944,0.078418825741747,0.981841627411248,74,0.500794118645563,0.0161258220833601,0.0622624180433108,0.0083993247619323,-0.0305353211291663,0.0015841062550354,2193.50676452152,15917133.0605998,15504.6030735582,35762261.3366427
"1553",2024/06/04,02:30:38pm,4.71,"905",U5,45.43293104,-73.93890134,39.02,"0","0",,"1",50093b5e4c336168,4,3,"212","212",0.275630386704242,64730.9521645446,0.134430297094352,0.955591520941065,54,0.551261979342073,0.0277251819165323,0.0785653770867064,0.0105610751660516,-0.0283462664756194,0.00220085502065292,4466.25267384917,53392729.0162406,14255.2966542815,44951058.8254201
"1554",2024/06/04,02:30:51pm,4.71,"905",U7,45.43295813,-73.93882066,39.02,"0","0",,"1",50093b6b45d1b542,4,4,"305","305",0.296523666422591,64030.9131238206,0.181359329803002,0.978092681771532,64,0.592868535349465,0.0363810974126054,0.0958604324959443,0.0145747073757419,-0.0242647031077467,0.00252217373283657,4320.32598319284,59298590.1148523,13464.6511868969,46720752.9304071
"1555",2024/06/04,02:31:03pm,4.71,"905",U9,45.43298503,-73.93873976,39.02,"0","0",,"1",50093b771410315b,4,5,"312","312",0.359879356950865,68376.5601399926,0.301571651507336,0.847697368421053,30,0.719932176652392,0.0519544763919971,0.120772888861009,0.0186461122215228,-0.0228468601619203,0.00296641838249041,7130.06808966314,106636000.037949,11576.9790906466,64117532.3091716
"1556",2024/06/04,02:31:16pm,4.71,"905",U11,45.433012,-73.93865893,39.02,"0","0",,"1",50093b8410c2a505,4,6,"405","405",0.290189703453784,66200.8739781127,0.158291326037558,0.917525230595139,42,0.580027670316576,0.0314121869899754,0.0873738884845153,0.0130668610266297,-0.0241518766859696,0.00275419575423192,4329.66775276203,57939184.937324,13695.0116455378,44531150.2650102
"1557",2024/06/04,02:31:29pm,4.71,"905",U13,45.43303878,-73.93857797,39.02,"0","0",,"1",50093b9138442333,4,7,"412","412",0.268494141942074,65300.9640086713,0.118571577820148,0.928355263157895,44,0.537283527639203,0.0229234239027675,0.0762166596734125,0.0103802200028843,-0.0302368161721787,0.00253969078445023,3412.01128973281,49030784.6991894,14923.3276518295,44933516.8174923
"1558",2024/06/04,02:32:41pm,4.71,"905",D13,45.43301335,-73.93856101,39.019,"0","0",,"1",50093bd918887c7b,5,7,"413","413",0.329822540177003,69461.1152580443,0.222981090681153,0.894592105263158,34,0.659184788635478,0.0369086460857421,0.109426355830582,0.014444829681223,-0.0241763890825572,0.00293623089931749,5842.2553802758,92636462.9964847,13369.6362290633,59310498.3784718
"1559",2024/06/04,02:32:54pm,4.71,"905",D11,45.43298676,-73.9386421,39.019,"0","0",,"1",50093be6278a06c1,5,6,"406","406",0.349183823594139,70616.5847861574,0.257592279414165,0.611034355715207,18,0.698340052285158,0.0484793503222774,0.118025934501882,0.0179394828759223,-0.0221027468385024,0.00339474717636975,7042.53568093817,126003836.087134,12052.7471632547,59709565.6087313
"1560",2024/06/04,02:33:06pm,4.71,"905",D9,45.43296038,-73.93872333,39.02,"0","0",,"1",50093bf2355ce56d,5,5,"313","313",0.341039091115969,68897.5668327337,0.260122362896749,0.900606570966171,37,0.681838833051546,0.0444112649045836,0.112839081974172,0.0171104574990867,-0.0209201929688186,0.0034409871101113,6120.06538644867,99283926.4016392,12568.3164374709,68797560.4939851
"1561",2024/06/04,02:33:19pm,4.71,"905",D7,45.43293318,-73.93880404,39.02,"0","0",,"1",50093bff4709aa8e,5,4,"306","306",0.362860836927905,69442.9643220937,0.283026875963121,0.912801484230056,48,0.725646182470193,0.0480867615992811,0.134581408697146,0.0198275980562021,-0.0161208330576967,0.00327196937684754,6455.91909133648,104280015.496646,11847.1105570652,66968747.1400911
"1562",2024/06/04,02:33:31pm,4.71,"905",D5,45.43290636,-73.93888497,39.02,"0","0",,"1",50093c0b5d6e7315,5,3,"213","213",0.308354792869063,65743.8739781127,0.185885548619636,0.741174458230813,25,0.616632409224834,0.0349752243158596,0.098696838362245,0.0137734776955048,-0.0248397255556746,0.00275842617384275,5054.87455272024,77704592.9708773,13472.8808989639,56725316.6183583
"1563",2024/06/04,02:33:44pm,4.71,"905",D3,45.43287938,-73.93896581,39.02,"0","0",,"1",50093c18201d5006,5,2,"206","206",0.288813031498902,65176.6857243599,0.139060653350659,0.992986934382442,80,0.578224147882618,0.026423064489172,0.0930306799374298,0.0136440231146923,-0.0253103644410775,0.00227057231351482,2982.22653755493,32538036.0975949,14919.6028171181,47311930.7467352
"1564",2024/06/04,02:33:57pm,4.71,"905",D1,45.43285247,-73.93904663,39.02,"0","0",,"1",50093c255287cdd6,5,1,"113","113",0.252988279738725,61203.8978655053,0.065830454910513,0.978144161688466,68,0.506352087343807,0.0133801898573138,0.0588444424235156,0.00738174002775303,-0.0278654302216997,0.00179433947824476,2520.99307872622,14572807.0111374,15649.2506088387,35862082.2837116
"1565",2024/06/04,02:34:09pm,4.71,"905",D-1,45.43282555,-73.93912752,39.02,"0","0",,"1",50093c313a5b4233,5,0,"106","106",0.295271356554773,65060.3218021548,0.124231145935357,0.990539473684211,80,0.590510697696203,0.0216183565736293,0.0948363114504833,0.011927408180879,-0.0186713562341367,0.00196749436405674,2810.94230492981,19475190.5942684,14923.8115488902,41984031.8069007
"1566",2024/06/04,02:35:04pm,4.71,"905",U-1,45.43280096,-73.93911093,39.02,"0","0",,"1",50093c68674bddc2,6,0,"107","107",0.309808629470033,65202.7910569583,0.1534669304655,0.901381578947368,52,0.619751407676082,0.0267134253943917,0.0997233713101942,0.0135145991114186,-0.0189298302852021,0.00239457218255136,3432.34288624655,40053240.2837816,14684.8956572091,47162253.3683209
"1567",2024/06/04,02:35:17pm,4.71,"905",U1,45.43282726,-73.93902964,39.02,"0","0",,"1",50093c751594fd99,6,1,"114","114",0.28137733570217,65198.4731601251,0.116370332160184,0.82983986631403,33,0.562583208607844,0.0215263401539624,0.0724543685528204,0.00949225765868489,-0.0223929083146947,0.00203183118359416,3498.52906646468,42701482.6941862,15582.6678627466,43754403.340667
"1568",2024/06/04,02:35:30pm,4.71,"905",U3,45.43285465,-73.93894913,39.02,"0","0",,"1",50093c8200f4da49,6,2,"207","207",0.350322218411552,69752.2362620142,0.248354575846218,0.966315789473684,57,0.70033556731271,0.0411889926347082,0.126199232442326,0.01755312428932,-0.0190170937246768,0.00280169994843015,5949.28442984747,91670134.0105583,13296.8445718184,65938317.4614598
"1569",2024/06/04,02:35:42pm,4.71,"905",U5,45.43288139,-73.93886804,39.02,"0","0",,"1",50093c8e6f31b554,6,3,"214","214",0.356381889281564,69582.8888859868,0.274360263534205,0.738364978486559,26,0.71299055729429,0.0445018615611299,0.123051773843563,0.0163140888978939,-0.0246255286011786,0.00311626144997842,6817.60764353669,103877965.405184,12335.6127412035,65590071.0212447
"1570",2024/06/04,02:35:55pm,4.71,"905",U7,45.43290856,-73.93878739,39.019,"0","0",,"1",50093c9b5b838619,6,4,"307","307",0.370244961673104,71258.4679333986,0.290950048971596,0.821489190931698,36,0.740875447160675,0.0501539277502405,0.134562396008564,0.0194797854446674,-0.0198980947812959,0.00312412344503117,6980.53151811949,109521884.594552,11801.9489843693,67527284.480204
"1571",2024/06/04,02:36:07pm,4.71,"905",U9,45.43293551,-73.93870658,39.019,"0","0",,"1",50093ca71aaea32f,6,5,"314","314",0.31336601799207,66803.6047169134,0.205196178934516,0.952656648859181,55,0.626630614563343,0.0366353748701526,0.0980002126401406,0.014628052372626,-0.0247095195942206,0.00308450798991356,5304.56332639029,84273771.8251239,13120.0394386168,61544483.692789
"1572",2024/06/04,02:36:20pm,4.71,"905",U11,45.43296222,-73.93862553,39.019,"0","0",,"1",50093cb463aa4ae6,6,6,"407","407",0.341301503523632,68794.8517028834,0.247943219807773,0.658613929130646,18,0.682631778297511,0.0438090885245104,0.114947708945745,0.0160228380241697,-0.0232210299431822,0.00306126203340625,6927.05457323443,124479529.060828,12326.1017756105,55743475.2832392
"1573",2024/06/04,02:36:33pm,4.71,"905",U13,45.4329891,-73.93854462,39.019,"0","0",,"1",50093cc1072c464e,6,7,"414","414",0.259098458669817,64675.3513375863,0.102135828506879,0.620034474137818,31,0.518604425833923,0.0223082356717629,0.0695068997089323,0.0106257621749379,-0.0303638782270333,0.00224304955578097,3125.81089004825,45222226.4359223,15156.7000157722,44192903.9367826
"77777",2025/04/24,,,,,,,,,,,,,,,,,0.116508860845836,,0,0.964982624966586,1,0.236111903923789,0.0201445863914913,-0.122519228120269,0.0368788005253017,-0.0614024645206132,0.00925054889848338,-376.277202760085,3016697.53953337,15916.95761664,56355948.3044343
